{
	"pattrstorage" : 	{
		"name" : "camtrkpresets",
		"slots" : 		{
			"1" : 			{
				"id" : 1,
				"name" : "basic-1ch",
				"data" : 				{
					"/camtrk/grab/state" : [ "opened" ],
					"/camtrk/vdevice" : [ "USB Video Class Video" ],
					"/camtrk/input" : [ "Built-in iSight" ],
					"/camtrk/grab/sw" : [ 1 ],
					"/camtrk/grab/inverthoriz" : [ 1 ],
					"/camtrk/brcosa/sw" : [ 0 ],
					"/camtrk/brcosa/brightness" : [ 1.0 ],
					"/camtrk/brcosa/contrast" : [ 1.0 ],
					"/camtrk/brcosa/saturation" : [ 1.0 ],
					"/camtrk/1/rota/sw" : [ 0 ],
					"/camtrk/1/rota/zoom/x" : [ 1.0 ],
					"/camtrk/1/rota/zoom/y" : [ 1.0 ],
					"/camtrk/1/rota/anchor/x" : [ 0 ],
					"/camtrk/1/rota/anchor/y" : [ 0 ],
					"/camtrk/1/rota/offset/x" : [ 0 ],
					"/camtrk/1/rota/offset/y" : [ 0 ],
					"/camtrk/1/rota/theta" : [ 0.0 ],
					"/camtrk/1/rota/boundmode" : [ 1 ],
					"/camtrk/1/diff/sw" : [ 1 ],
					"/camtrk/1/diff/thresh" : [ 0.2 ],
					"/camtrk/1/cntrd/sw" : [ 1 ],
					"/camtrk/1/cntrd/smoothing" : [ 200 ],
					"/camtrk/1/grid/sw" : [ 1 ],
					"/camtrk/1/grid/slideup" : [ 2.0 ],
					"/camtrk/1/grid/slidedown" : [ 5.0 ],
					"/camtrk/1/grid/x" : [ 3 ],
					"/camtrk/1/grid/y" : [ 3 ],
					"/camtrk/1/grid/inmax" : [ 255 ],
					"/camtrk/1/grid/disp/gain" : [ 2.0 ],
					"/camtrk/2/rota/sw" : [ 0 ],
					"/camtrk/2/rota/zoom/x" : [ 1.0 ],
					"/camtrk/2/rota/zoom/y" : [ 1.0 ],
					"/camtrk/2/rota/anchor/x" : [ 0 ],
					"/camtrk/2/rota/anchor/y" : [ 0 ],
					"/camtrk/2/rota/offset/x" : [ 0 ],
					"/camtrk/2/rota/offset/y" : [ 0 ],
					"/camtrk/2/rota/theta" : [ 0.0 ],
					"/camtrk/2/rota/boundmode" : [ 1 ],
					"/camtrk/2/diff/sw" : [ 0 ],
					"/camtrk/2/diff/thresh" : [ 0.2 ],
					"/camtrk/2/cntrd/sw" : [ 0 ],
					"/camtrk/2/cntrd/smoothing" : [ 200 ],
					"/camtrk/2/grid/sw" : [ 0 ],
					"/camtrk/2/grid/slideup" : [ 2.0 ],
					"/camtrk/2/grid/slidedown" : [ 5.0 ],
					"/camtrk/2/grid/x" : [ 3 ],
					"/camtrk/2/grid/y" : [ 3 ],
					"/camtrk/2/grid/inmax" : [ 255 ],
					"/camtrk/2/grid/disp/gain" : [ 2.0 ],
					"/camtrk/udpsend/sw" : [ 0 ],
					"/camtrk/udpsend/host" : [ "localhost" ],
					"/camtrk/udpsend/port" : [ 44001 ]
				}

			}
,
			"2" : 			{
				"id" : 2,
				"name" : "basic-2ch",
				"data" : 				{
					"/camtrk/grab/state" : [ "opened" ],
					"/camtrk/vdevice" : [ "USB Video Class Video" ],
					"/camtrk/input" : [ "Built-in iSight" ],
					"/camtrk/grab/sw" : [ 1 ],
					"/camtrk/grab/inverthoriz" : [ 1 ],
					"/camtrk/brcosa/sw" : [ 0 ],
					"/camtrk/brcosa/brightness" : [ 1.0 ],
					"/camtrk/brcosa/contrast" : [ 1.0 ],
					"/camtrk/brcosa/saturation" : [ 1.0 ],
					"/camtrk/1/rota/sw" : [ 0 ],
					"/camtrk/1/rota/zoom/x" : [ 1.0 ],
					"/camtrk/1/rota/zoom/y" : [ 1.0 ],
					"/camtrk/1/rota/anchor/x" : [ 0 ],
					"/camtrk/1/rota/anchor/y" : [ 0 ],
					"/camtrk/1/rota/offset/x" : [ 0 ],
					"/camtrk/1/rota/offset/y" : [ 0 ],
					"/camtrk/1/rota/theta" : [ 0.0 ],
					"/camtrk/1/rota/boundmode" : [ 1 ],
					"/camtrk/1/diff/sw" : [ 1 ],
					"/camtrk/1/diff/thresh" : [ 0.2 ],
					"/camtrk/1/cntrd/sw" : [ 1 ],
					"/camtrk/1/cntrd/smoothing" : [ 200 ],
					"/camtrk/1/grid/sw" : [ 1 ],
					"/camtrk/1/grid/slideup" : [ 2.0 ],
					"/camtrk/1/grid/slidedown" : [ 5.0 ],
					"/camtrk/1/grid/x" : [ 3 ],
					"/camtrk/1/grid/y" : [ 3 ],
					"/camtrk/1/grid/inmax" : [ 255 ],
					"/camtrk/1/grid/disp/gain" : [ 2.0 ],
					"/camtrk/2/rota/sw" : [ 0 ],
					"/camtrk/2/rota/zoom/x" : [ 1.0 ],
					"/camtrk/2/rota/zoom/y" : [ 1.0 ],
					"/camtrk/2/rota/anchor/x" : [ 0 ],
					"/camtrk/2/rota/anchor/y" : [ 0 ],
					"/camtrk/2/rota/offset/x" : [ 0 ],
					"/camtrk/2/rota/offset/y" : [ 0 ],
					"/camtrk/2/rota/theta" : [ 0.0 ],
					"/camtrk/2/rota/boundmode" : [ 1 ],
					"/camtrk/2/diff/sw" : [ 1 ],
					"/camtrk/2/diff/thresh" : [ 0.2 ],
					"/camtrk/2/cntrd/sw" : [ 1 ],
					"/camtrk/2/cntrd/smoothing" : [ 200 ],
					"/camtrk/2/grid/sw" : [ 1 ],
					"/camtrk/2/grid/slideup" : [ 2.0 ],
					"/camtrk/2/grid/slidedown" : [ 5.0 ],
					"/camtrk/2/grid/x" : [ 3 ],
					"/camtrk/2/grid/y" : [ 3 ],
					"/camtrk/2/grid/inmax" : [ 255 ],
					"/camtrk/2/grid/disp/gain" : [ 2.0 ],
					"/camtrk/udpsend/sw" : [ 0 ],
					"/camtrk/udpsend/host" : [ "localhost" ],
					"/camtrk/udpsend/port" : [ 44001 ]
				}

			}

		}

	}

}
