{
	"pattrstorage" : 	{
		"name" : "u039000024",
		"slots" : 		{
			"2" : 			{
				"id" : 2,
				"name" : "anothuhwon",
				"data" : 				{
					"/camtrk/sw" : [ 1 ],
					"/camtrk/inverthoriz" : [ 1 ],
					"/camtrk/brightness" : [ 1.0 ],
					"/camtrk/contrast" : [ 1.0 ],
					"/camtrk/saturation" : [ 1.0 ],
					"/camtrk/diff/thresh" : [ 0.2 ],
					"/camtrk/cntrd/smoothing" : [ 200 ],
					"/camtrk/grid/slideup" : [ 2.0 ],
					"/camtrk/grid/slidedown" : [ 5.0 ],
					"/camtrk/grid/x" : [ 3 ],
					"/camtrk/grid/y" : [ 3 ],
					"/camtrk/grid/inmax" : [ 255 ],
					"/camtrk/grid/disp/gain" : [ 2.0 ],
					"/camtrk/udpsend/sw" : [ 0 ],
					"/camtrk/udpsend/host" : [ "localhost" ],
					"/camtrk/udpsend/port" : [ 44013 ]
				}

			}
,
			"10" : 			{
				"id" : 10,
				"name" : "presetslot10",
				"data" : 				{
					"/camtrk/sw" : [ 1 ],
					"/camtrk/inverthoriz" : [ 1 ],
					"/camtrk/brightness" : [ 1.0 ],
					"/camtrk/contrast" : [ 1.0 ],
					"/camtrk/saturation" : [ 1.0 ],
					"/camtrk/diff/thresh" : [ 0.2 ],
					"/camtrk/cntrd/smoothing" : [ 200 ],
					"/camtrk/grid/slideup" : [ 2.0 ],
					"/camtrk/grid/slidedown" : [ 5.0 ],
					"/camtrk/grid/x" : [ 3 ],
					"/camtrk/grid/y" : [ 3 ],
					"/camtrk/grid/inmax" : [ 255 ],
					"/camtrk/grid/disp/gain" : [ 2.0 ],
					"/camtrk/udpsend/sw" : [ 0 ],
					"/camtrk/udpsend/host" : [ "localhost" ],
					"/camtrk/udpsend/port" : [ 44013 ]
				}

			}
,
			"42" : 			{
				"id" : 42,
				"name" : "fortytwo",
				"data" : 				{
					"/camtrk/sw" : [ 1 ],
					"/camtrk/inverthoriz" : [ 1 ],
					"/camtrk/brightness" : [ 1.0 ],
					"/camtrk/contrast" : [ 1.0 ],
					"/camtrk/saturation" : [ 1.0 ],
					"/camtrk/diff/thresh" : [ 0.2 ],
					"/camtrk/cntrd/smoothing" : [ 200 ],
					"/camtrk/grid/slideup" : [ 2.0 ],
					"/camtrk/grid/slidedown" : [ 5.0 ],
					"/camtrk/grid/x" : [ 3 ],
					"/camtrk/grid/y" : [ 3 ],
					"/camtrk/grid/inmax" : [ 255 ],
					"/camtrk/grid/disp/gain" : [ 2.0 ],
					"/camtrk/udpsend/sw" : [ 0 ],
					"/camtrk/udpsend/host" : [ "localhost" ],
					"/camtrk/udpsend/port" : [ 44013 ]
				}

			}
,
			"54" : 			{
				"id" : 54,
				"name" : "werwerwer",
				"data" : 				{
					"/camtrk/sw" : [ 1 ],
					"/camtrk/inverthoriz" : [ 1 ],
					"/camtrk/brightness" : [ 1.0 ],
					"/camtrk/contrast" : [ 1.0 ],
					"/camtrk/saturation" : [ 1.0 ],
					"/camtrk/diff/thresh" : [ 0.2 ],
					"/camtrk/cntrd/smoothing" : [ 200 ],
					"/camtrk/grid/slideup" : [ 2.0 ],
					"/camtrk/grid/slidedown" : [ 5.0 ],
					"/camtrk/grid/x" : [ 3 ],
					"/camtrk/grid/y" : [ 3 ],
					"/camtrk/grid/inmax" : [ 255 ],
					"/camtrk/grid/disp/gain" : [ 2.0 ],
					"/camtrk/udpsend/sw" : [ 0 ],
					"/camtrk/udpsend/host" : [ "localhost" ],
					"/camtrk/udpsend/port" : [ 44013 ]
				}

			}

		}

	}

}
